{"cameraMode":{"drawMode":0,"name":"Shaded","section":"Shading Mode"},"sceneLighting":true,"audioPlay":false,"sceneViewState":{"showFog":false,"showMaterialUpdate":false,"showSkybox":false,"showFlares":false,"showImageEffects":false,"showParticleSystems":false},"in2DMode":false,"pivot":{"x":72.42422485351563,"y":32.024417877197269,"z":-64.91309356689453},"rotation":{"x":0.014782269485294819,"y":-0.9581618905067444,"z":0.05035250633955002,"w":0.28137508034706118},"size":35.19997024536133,"orthographic":false}