{"cameraMode":{"drawMode":0,"name":"Shaded","section":"Shading Mode"},"sceneLighting":true,"audioPlay":false,"sceneViewState":{"showFog":false,"showMaterialUpdate":false,"showSkybox":false,"showFlares":false,"showImageEffects":false,"showParticleSystems":false},"in2DMode":false,"pivot":{"x":78.71925354003906,"y":34.44880676269531,"z":-67.49478149414063},"rotation":{"x":-0.007981614209711552,"y":-0.96042799949646,"z":-0.0276644229888916,"w":0.27703624963760378},"size":98.97412109375,"orthographic":false}