{"cameraMode":{"drawMode":0,"name":"Shaded","section":"Shading Mode"},"sceneLighting":true,"audioPlay":false,"sceneViewState":{"showFog":false,"showMaterialUpdate":false,"showSkybox":false,"showFlares":false,"showImageEffects":false,"showParticleSystems":false},"in2DMode":false,"pivot":{"x":97.82084655761719,"y":25.018157958984376,"z":-33.5658073425293},"rotation":{"x":-0.04072531685233116,"y":-0.9322295188903809,"z":-0.11098506301641464,"w":0.34201163053512576},"size":23.58653450012207,"orthographic":false}