{"cameraMode":{"drawMode":0,"name":"Shaded","section":"Shading Mode"},"sceneLighting":true,"audioPlay":false,"sceneViewState":{"showFog":false,"showMaterialUpdate":false,"showSkybox":false,"showFlares":false,"showImageEffects":false,"showParticleSystems":false},"in2DMode":false,"pivot":{"x":92.47267150878906,"y":25.65567398071289,"z":-39.162784576416019},"rotation":{"x":-0.006949775852262974,"y":-0.9700668454170227,"z":-0.02794209122657776,"w":0.24112515151500703},"size":55.25012969970703,"orthographic":false}