{"cameraMode":{"drawMode":0,"name":"Shaded","section":"Shading Mode"},"sceneLighting":true,"audioPlay":false,"sceneViewState":{"showFog":false,"showMaterialUpdate":false,"showSkybox":false,"showFlares":false,"showImageEffects":false,"showParticleSystems":false},"in2DMode":false,"pivot":{"x":107.06661987304688,"y":41.168155670166019,"z":-13.809191703796387},"rotation":{"x":0.010684151202440262,"y":-0.966189444065094,"z":0.040608588606119159,"w":0.25439104437828066},"size":14.360548973083496,"orthographic":false}