{"cameraMode":{"drawMode":0,"name":"Shaded","section":"Shading Mode"},"sceneLighting":true,"audioPlay":false,"sceneViewState":{"showFog":false,"showMaterialUpdate":false,"showSkybox":false,"showFlares":false,"showImageEffects":false,"showParticleSystems":false},"in2DMode":false,"pivot":{"x":81.89288330078125,"y":36.57838439941406,"z":-59.40102767944336},"rotation":{"x":-0.002135005546733737,"y":-0.9733209013938904,"z":-0.00904862955212593,"w":0.22926007211208344},"size":44.20539855957031,"orthographic":false}