{"cameraMode":{"drawMode":0,"name":"Shaded","section":"Shading Mode"},"sceneLighting":true,"audioPlay":false,"sceneViewState":{"showFog":false,"showMaterialUpdate":false,"showSkybox":false,"showFlares":false,"showImageEffects":false,"showParticleSystems":false},"in2DMode":false,"pivot":{"x":79.66468811035156,"y":37.87581253051758,"z":-62.503684997558597},"rotation":{"x":0.007688031066209078,"y":-0.9646947979927063,"z":0.028374643996357919,"w":0.26172447204589846},"size":74.51812744140625,"orthographic":false}