{"cameraMode":{"drawMode":0,"name":"Shaded","section":"Shading Mode"},"sceneLighting":true,"audioPlay":false,"sceneViewState":{"showFog":false,"showMaterialUpdate":false,"showSkybox":false,"showFlares":false,"showImageEffects":false,"showParticleSystems":false},"in2DMode":false,"pivot":{"x":82.7994384765625,"y":33.96638488769531,"z":-51.848934173583987},"rotation":{"x":-0.01709865964949131,"y":-0.9676958918571472,"z":-0.06833311170339585,"w":0.24208028614521027},"size":38.988319396972659,"orthographic":false}