{"cameraMode":{"drawMode":0,"name":"Shaded","section":"Shading Mode"},"sceneLighting":true,"audioPlay":false,"sceneViewState":{"showFog":false,"showMaterialUpdate":false,"showSkybox":false,"showFlares":false,"showImageEffects":false,"showParticleSystems":false},"in2DMode":false,"pivot":{"x":71.823486328125,"y":17.200183868408204,"z":-65.29148864746094},"rotation":{"x":-0.030042095109820367,"y":-0.9308680295944214,"z":-0.0786549523472786,"w":0.35552161931991579},"size":62.45330810546875,"orthographic":false}