{"cameraMode":{"drawMode":0,"name":"Shaded","section":"Shading Mode"},"sceneLighting":true,"audioPlay":false,"sceneViewState":{"showFog":false,"showMaterialUpdate":false,"showSkybox":false,"showFlares":false,"showImageEffects":false,"showParticleSystems":false},"in2DMode":false,"pivot":{"x":90.33162689208985,"y":6.741544246673584,"z":-63.12372589111328},"rotation":{"x":0.041331250220537189,"y":-0.947431743144989,"z":0.1368032693862915,"w":0.2862684726715088},"size":28.575366973876954,"orthographic":false}