{"cameraMode":{"drawMode":0,"name":"Shaded","section":"Shading Mode"},"sceneLighting":true,"audioPlay":false,"sceneViewState":{"showFog":true,"showMaterialUpdate":true,"showSkybox":true,"showFlares":true,"showImageEffects":true,"showParticleSystems":true},"in2DMode":false,"pivot":{"x":82.05386352539063,"y":35.06602096557617,"z":-64.02572631835938},"rotation":{"x":-0.00016837671864777803,"y":0.9984732866287231,"z":-0.0029946828726679088,"w":-0.055157266557216647},"size":176.19320678710938,"orthographic":false}