{"cameraMode":{"drawMode":0,"name":"Shaded","section":"Shading Mode"},"sceneLighting":true,"audioPlay":false,"sceneViewState":{"showFog":false,"showMaterialUpdate":false,"showSkybox":false,"showFlares":false,"showImageEffects":false,"showParticleSystems":false},"in2DMode":false,"pivot":{"x":73.76388549804688,"y":36.5993537902832,"z":-63.928802490234378},"rotation":{"x":0.008806735277175904,"y":-0.9684607982635498,"z":0.0345916748046875,"w":0.24659611284732819},"size":101.23538208007813,"orthographic":false}